Year,Revenue ($),Net Profit ($),Clients Acquired,Client Retention Rate (%),Revenue Growth (%),Profit Growth (%),Client Growth (%)
2020,180000,32000,10,90,,
2021,220000,45000,15,92,22.22222222222222,40.625,50.0
2022,260000,54300,20,94,18.181818181818183,20.666666666666668,33.33333333333333
